{"cod":"200","message":0.0031,"cnt":40,"list":[{"dt":1537531200,"main":{"temp":27.2,"temp_min":25.63,"temp_max":27.2,"pressure":956.72,"sea_level":1026.28,"grnd_level":956.72,"humidity":49,"temp_kf":1.56},"weather":[{"id":800,"main":"Clear","description":"clear sky","icon":"01d"}],"clouds":{"all":0},"wind":{"speed":4.51,"deg":257.001},"sys":{"pod":"d"},"dt_txt":"2018-09-21 12:00:00"},{"dt":1537542000,"main":{"temp":24.82,"temp_min":23.64,"temp_max":24.82,"pressure":956.44,"sea_level":1026.03,"grnd_level":956.44,"humidity":52,"temp_kf":1.17},"weather":[{"id":802,"main":"Clouds","description":"scattered clouds","icon":"03d"}],"clouds":{"all":48},"wind":{"speed":6.36,"deg":262.503},"sys":{"pod":"d"},"dt_txt":"2018-09-21 15:00:00"},{"dt":1537552800,"main":{"temp":20.91,"temp_min":20.13,"temp_max":20.91,"pressure":958.06,"sea_level":1028.33,"grnd_level":958.06,"humidity":57,"temp_kf":0.78},"weather":[{"id":500,"main":"Rain","description":"light rain","icon":"10n"}],"clouds":{"all":88},"wind":{"speed":7.62,"deg":262.501},"rain":{"3h":0.035},"sys":{"pod":"n"},"dt_txt":"2018-09-21 18:00:00"},{"dt":1537563600,"main":{"temp":13.37,"temp_min":12.98,"temp_max":13.37,"pressure":962.09,"sea_level":1032.85,"grnd_level":962.09,"humidity":100,"temp_kf":0.39},"weather":[{"id":500,"main":"Rain","description":"light rain","icon":"10n"}],"clouds":{"all":92},"wind":{"speed":6.46,"deg":294},"rain":{"3h":2.505},"sys":{"pod":"n"},"dt_txt":"2018-09-21 21:00:00"},{"dt":1537574400,"main":{"temp":9.74,"temp_min":9.74,"temp_max":9.74,"pressure":964.62,"sea_level":1036.07,"grnd_level":964.62,"humidity":100,"temp_kf":0},"weather":[{"id":500,"main":"Rain","description":"light rain","icon":"10n"}],"clouds":{"all":92},"wind":{"speed":4.32,"deg":273.512},"rain":{"3h":2.52},"sys":{"pod":"n"},"dt_txt":"2018-09-22 00:00:00"},{"dt":1537585200,"main":{"temp":9.1,"temp_min":9.1,"temp_max":9.1,"pressure":965.22,"sea_level":1036.97,"grnd_level":965.22,"humidity":100,"temp_kf":0},"weather":[{"id":501,"main":"Rain","description":"moderate rain","icon":"10n"}],"clouds":{"all":92},"wind":{"speed":3.41,"deg":251.001},"rain":{"3h":4.595},"sys":{"pod":"n"},"dt_txt":"2018-09-22 03:00:00"},{"dt":1537596000,"main":{"temp":9.45,"temp_min":9.45,"temp_max":9.45,"pressure":965.58,"sea_level":1037.45,"grnd_level":965.58,"humidity":100,"temp_kf":0},"weather":[{"id":500,"main":"Rain","description":"light rain","icon":"10d"}],"clouds":{"all":64},"wind":{"speed":2.56,"deg":275.506},"rain":{"3h":0.08},"sys":{"pod":"d"},"dt_txt":"2018-09-22 06:00:00"},{"dt":1537606800,"main":{"temp":11.79,"temp_min":11.79,"temp_max":11.79,"pressure":966.25,"sea_level":1037.86,"grnd_level":966.25,"humidity":88,"temp_kf":0},"weather":[{"id":500,"main":"Rain","description":"light rain","icon":"10d"}],"clouds":{"all":88},"wind":{"speed":2.52,"deg":285.004},"rain":{"3h":0.025},"sys":{"pod":"d"},"dt_txt":"2018-09-22 09:00:00"},{"dt":1537617600,"main":{"temp":12.56,"temp_min":12.56,"temp_max":12.56,"pressure":965.85,"sea_level":1037.16,"grnd_level":965.85,"humidity":82,"temp_kf":0},"weather":[{"id":803,"main":"Clouds","description":"broken clouds","icon":"04d"}],"clouds":{"all":76},"wind":{"speed":2.42,"deg":285.5},"rain":{},"sys":{"pod":"d"},"dt_txt":"2018-09-22 12:00:00"},{"dt":1537628400,"main":{"temp":13.25,"temp_min":13.25,"temp_max":13.25,"pressure":964.79,"sea_level":1036.09,"grnd_level":964.79,"humidity":76,"temp_kf":0},"weather":[{"id":802,"main":"Clouds","description":"scattered clouds","icon":"03d"}],"clouds":{"all":44},"wind":{"speed":3.11,"deg":284.004},"rain":{},"sys":{"pod":"d"},"dt_txt":"2018-09-22 15:00:00"},{"dt":1537639200,"main":{"temp":11.01,"temp_min":11.01,"temp_max":11.01,"pressure":965.25,"sea_level":1036.99,"grnd_level":965.25,"humidity":83,"temp_kf":0},"weather":[{"id":803,"main":"Clouds","description":"broken clouds","icon":"04n"}],"clouds":{"all":68},"wind":{"speed":2.51,"deg":285.002},"rain":{},"sys":{"pod":"n"},"dt_txt":"2018-09-22 18:00:00"},{"dt":1537650000,"main":{"temp":10.04,"temp_min":10.04,"temp_max":10.04,"pressure":965.66,"sea_level":1037.74,"grnd_level":965.66,"humidity":91,"temp_kf":0},"weather":[{"id":803,"main":"Clouds","description":"broken clouds","icon":"04n"}],"clouds":{"all":56},"wind":{"speed":1.76,"deg":237.501},"rain":{},"sys":{"pod":"n"},"dt_txt":"2018-09-22 21:00:00"},{"dt":1537660800,"main":{"temp":10.41,"temp_min":10.41,"temp_max":10.41,"pressure":965.59,"sea_level":1037.76,"grnd_level":965.59,"humidity":89,"temp_kf":0},"weather":[{"id":500,"main":"Rain","description":"light rain","icon":"10n"}],"clouds":{"all":92},"wind":{"speed":1.91,"deg":259.003},"rain":{"3h":0.0099999999999998},"sys":{"pod":"n"},"dt_txt":"2018-09-23 00:00:00"},{"dt":1537671600,"main":{"temp":10.52,"temp_min":10.52,"temp_max":10.52,"pressure":964.62,"sea_level":1036.95,"grnd_level":964.62,"humidity":92,"temp_kf":0},"weather":[{"id":500,"main":"Rain","description":"light rain","icon":"10n"}],"clouds":{"all":100},"wind":{"speed":1.72,"deg":229.504},"rain":{"3h":0.14},"sys":{"pod":"n"},"dt_txt":"2018-09-23 03:00:00"},{"dt":1537682400,"main":{"temp":11.1,"temp_min":11.1,"temp_max":11.1,"pressure":963.54,"sea_level":1035.69,"grnd_level":963.54,"humidity":86,"temp_kf":0},"weather":[{"id":500,"main":"Rain","description":"light rain","icon":"10d"}],"clouds":{"all":92},"wind":{"speed":2.41,"deg":230.002},"rain":{"3h":0.055},"sys":{"pod":"d"},"dt_txt":"2018-09-23 06:00:00"},{"dt":1537693200,"main":{"temp":13.37,"temp_min":13.37,"temp_max":13.37,"pressure":962.12,"sea_level":1033.49,"grnd_level":962.12,"humidity":92,"temp_kf":0},"weather":[{"id":500,"main":"Rain","description":"light rain","icon":"10d"}],"clouds":{"all":92},"wind":{"speed":2.71,"deg":249.501},"rain":{"3h":0.375},"sys":{"pod":"d"},"dt_txt":"2018-09-23 09:00:00"},{"dt":1537704000,"main":{"temp":17.91,"temp_min":17.91,"temp_max":17.91,"pressure":958.92,"sea_level":1029.49,"grnd_level":958.92,"humidity":84,"temp_kf":0},"weather":[{"id":500,"main":"Rain","description":"light rain","icon":"10d"}],"clouds":{"all":20},"wind":{"speed":3.91,"deg":249.5},"rain":{"3h":0.07},"sys":{"pod":"d"},"dt_txt":"2018-09-23 12:00:00"},{"dt":1537714800,"main":{"temp":22.05,"temp_min":22.05,"temp_max":22.05,"pressure":955.01,"sea_level":1024.98,"grnd_level":955.01,"humidity":67,"temp_kf":0},"weather":[{"id":800,"main":"Clear","description":"clear sky","icon":"01d"}],"clouds":{"all":0},"wind":{"speed":6.36,"deg":256.504},"rain":{},"sys":{"pod":"d"},"dt_txt":"2018-09-23 15:00:00"},{"dt":1537725600,"main":{"temp":20.71,"temp_min":20.71,"temp_max":20.71,"pressure":951.97,"sea_level":1021.85,"grnd_level":951.97,"humidity":65,"temp_kf":0},"weather":[{"id":800,"main":"Clear","description":"clear sky","icon":"01n"}],"clouds":{"all":0},"wind":{"speed":7.81,"deg":250.5},"rain":{},"sys":{"pod":"n"},"dt_txt":"2018-09-23 18:00:00"},{"dt":1537736400,"main":{"temp":21.3,"temp_min":21.3,"temp_max":21.3,"pressure":949.58,"sea_level":1019.27,"grnd_level":949.58,"humidity":59,"temp_kf":0},"weather":[{"id":800,"main":"Clear","description":"clear sky","icon":"01n"}],"clouds":{"all":0},"wind":{"speed":10.41,"deg":247},"rain":{},"sys":{"pod":"n"},"dt_txt":"2018-09-23 21:00:00"},{"dt":1537747200,"main":{"temp":15.99,"temp_min":15.99,"temp_max":15.99,"pressure":952.54,"sea_level":1022.79,"grnd_level":952.54,"humidity":89,"temp_kf":0},"weather":[{"id":500,"main":"Rain","description":"light rain","icon":"10n"}],"clouds":{"all":68},"wind":{"speed":12.76,"deg":270.502},"rain":{"3h":1.19},"sys":{"pod":"n"},"dt_txt":"2018-09-24 00:00:00"},{"dt":1537758000,"main":{"temp":11.85,"temp_min":11.85,"temp_max":11.85,"pressure":961.22,"sea_level":1032.63,"grnd_level":961.22,"humidity":69,"temp_kf":0},"weather":[{"id":500,"main":"Rain","description":"light rain","icon":"10n"}],"clouds":{"all":80},"wind":{"speed":10.77,"deg":279.502},"rain":{"3h":0.050000000000001},"sys":{"pod":"n"},"dt_txt":"2018-09-24 03:00:00"},{"dt":1537768800,"main":{"temp":10.4,"temp_min":10.4,"temp_max":10.4,"pressure":964.75,"sea_level":1036.73,"grnd_level":964.75,"humidity":77,"temp_kf":0},"weather":[{"id":500,"main":"Rain","description":"light rain","icon":"10d"}],"clouds":{"all":64},"wind":{"speed":7.76,"deg":288.5},"rain":{"3h":0.14},"sys":{"pod":"d"},"dt_txt":"2018-09-24 06:00:00"},{"dt":1537779600,"main":{"temp":11.32,"temp_min":11.32,"temp_max":11.32,"pressure":968.4,"sea_level":1040.24,"grnd_level":968.4,"humidity":70,"temp_kf":0},"weather":[{"id":500,"main":"Rain","description":"light rain","icon":"10d"}],"clouds":{"all":32},"wind":{"speed":7.51,"deg":294.008},"rain":{"3h":0.040000000000001},"sys":{"pod":"d"},"dt_txt":"2018-09-24 09:00:00"},{"dt":1537790400,"main":{"temp":12.76,"temp_min":12.76,"temp_max":12.76,"pressure":970.41,"sea_level":1042.13,"grnd_level":970.41,"humidity":63,"temp_kf":0},"weather":[{"id":802,"main":"Clouds","description":"scattered clouds","icon":"03d"}],"clouds":{"all":36},"wind":{"speed":6.51,"deg":294.501},"rain":{},"sys":{"pod":"d"},"dt_txt":"2018-09-24 12:00:00"},{"dt":1537801200,"main":{"temp":12.44,"temp_min":12.44,"temp_max":12.44,"pressure":971.36,"sea_level":1043.23,"grnd_level":971.36,"humidity":60,"temp_kf":0},"weather":[{"id":803,"main":"Clouds","description":"broken clouds","icon":"04d"}],"clouds":{"all":68},"wind":{"speed":5.43,"deg":297.506},"rain":{},"sys":{"pod":"d"},"dt_txt":"2018-09-24 15:00:00"},{"dt":1537812000,"main":{"temp":10.77,"temp_min":10.77,"temp_max":10.77,"pressure":972.51,"sea_level":1044.76,"grnd_level":972.51,"humidity":65,"temp_kf":0},"weather":[{"id":803,"main":"Clouds","description":"broken clouds","icon":"04n"}],"clouds":{"all":64},"wind":{"speed":3.82,"deg":305.001},"rain":{},"sys":{"pod":"n"},"dt_txt":"2018-09-24 18:00:00"},{"dt":1537822800,"main":{"temp":8.16,"temp_min":8.16,"temp_max":8.16,"pressure":973.75,"sea_level":1046.6,"grnd_level":973.75,"humidity":79,"temp_kf":0},"weather":[{"id":802,"main":"Clouds","description":"scattered clouds","icon":"03n"}],"clouds":{"all":36},"wind":{"speed":2.51,"deg":315.504},"rain":{},"sys":{"pod":"n"},"dt_txt":"2018-09-24 21:00:00"},{"dt":1537833600,"main":{"temp":6.36,"temp_min":6.36,"temp_max":6.36,"pressure":974.57,"sea_level":1047.89,"grnd_level":974.57,"humidity":89,"temp_kf":0},"weather":[{"id":802,"main":"Clouds","description":"scattered clouds","icon":"03n"}],"clouds":{"all":44},"wind":{"speed":1.35,"deg":305.001},"rain":{},"sys":{"pod":"n"},"dt_txt":"2018-09-25 00:00:00"},{"dt":1537844400,"main":{"temp":5.32,"temp_min":5.32,"temp_max":5.32,"pressure":975.14,"sea_level":1048.86,"grnd_level":975.14,"humidity":91,"temp_kf":0},"weather":[{"id":500,"main":"Rain","description":"light rain","icon":"10n"}],"clouds":{"all":32},"wind":{"speed":1.49,"deg":317.501},"rain":{"3h":0.0099999999999998},"sys":{"pod":"n"},"dt_txt":"2018-09-25 03:00:00"},{"dt":1537855200,"main":{"temp":4.5,"temp_min":4.5,"temp_max":4.5,"pressure":975.83,"sea_level":1049.76,"grnd_level":975.83,"humidity":96,"temp_kf":0},"weather":[{"id":802,"main":"Clouds","description":"scattered clouds","icon":"03d"}],"clouds":{"all":44},"wind":{"speed":1.4,"deg":338.502},"rain":{},"sys":{"pod":"d"},"dt_txt":"2018-09-25 06:00:00"},{"dt":1537866000,"main":{"temp":9,"temp_min":9,"temp_max":9,"pressure":977.04,"sea_level":1050.19,"grnd_level":977.04,"humidity":81,"temp_kf":0},"weather":[{"id":800,"main":"Clear","description":"clear sky","icon":"01d"}],"clouds":{"all":0},"wind":{"speed":1.76,"deg":25.0031},"rain":{},"sys":{"pod":"d"},"dt_txt":"2018-09-25 09:00:00"},{"dt":1537876800,"main":{"temp":11.73,"temp_min":11.73,"temp_max":11.73,"pressure":976.15,"sea_level":1048.66,"grnd_level":976.15,"humidity":68,"temp_kf":0},"weather":[{"id":800,"main":"Clear","description":"clear sky","icon":"01d"}],"clouds":{"all":0},"wind":{"speed":1.71,"deg":40.0013},"rain":{},"sys":{"pod":"d"},"dt_txt":"2018-09-25 12:00:00"},{"dt":1537887600,"main":{"temp":12.1,"temp_min":12.1,"temp_max":12.1,"pressure":975.17,"sea_level":1047.55,"grnd_level":975.17,"humidity":61,"temp_kf":0},"weather":[{"id":800,"main":"Clear","description":"clear sky","icon":"01d"}],"clouds":{"all":0},"wind":{"speed":2.11,"deg":49.007},"rain":{},"sys":{"pod":"d"},"dt_txt":"2018-09-25 15:00:00"},{"dt":1537898400,"main":{"temp":7.86,"temp_min":7.86,"temp_max":7.86,"pressure":975.14,"sea_level":1048.14,"grnd_level":975.14,"humidity":75,"temp_kf":0},"weather":[{"id":800,"main":"Clear","description":"clear sky","icon":"01n"}],"clouds":{"all":0},"wind":{"speed":2.42,"deg":49.5012},"rain":{},"sys":{"pod":"n"},"dt_txt":"2018-09-25 18:00:00"},{"dt":1537909200,"main":{"temp":4.86,"temp_min":4.86,"temp_max":4.86,"pressure":974.94,"sea_level":1048.53,"grnd_level":974.94,"humidity":92,"temp_kf":0},"weather":[{"id":800,"main":"Clear","description":"clear sky","icon":"01n"}],"clouds":{"all":0},"wind":{"speed":2.51,"deg":78.5031},"rain":{},"sys":{"pod":"n"},"dt_txt":"2018-09-25 21:00:00"},{"dt":1537920000,"main":{"temp":2.82,"temp_min":2.82,"temp_max":2.82,"pressure":974.01,"sea_level":1047.87,"grnd_level":974.01,"humidity":100,"temp_kf":0},"weather":[{"id":800,"main":"Clear","description":"clear sky","icon":"01n"}],"clouds":{"all":0},"wind":{"speed":2.08,"deg":78.5052},"rain":{},"sys":{"pod":"n"},"dt_txt":"2018-09-26 00:00:00"},{"dt":1537930800,"main":{"temp":1.66,"temp_min":1.66,"temp_max":1.66,"pressure":973.53,"sea_level":1047.65,"grnd_level":973.53,"humidity":100,"temp_kf":0},"weather":[{"id":800,"main":"Clear","description":"clear sky","icon":"01n"}],"clouds":{"all":0},"wind":{"speed":1.66,"deg":80.0042},"rain":{},"sys":{"pod":"n"},"dt_txt":"2018-09-26 03:00:00"},{"dt":1537941600,"main":{"temp":1.41,"temp_min":1.41,"temp_max":1.41,"pressure":973.55,"sea_level":1047.71,"grnd_level":973.55,"humidity":100,"temp_kf":0},"weather":[{"id":800,"main":"Clear","description":"clear sky","icon":"01d"}],"clouds":{"all":0},"wind":{"speed":1.11,"deg":93.5006},"rain":{},"sys":{"pod":"d"},"dt_txt":"2018-09-26 06:00:00"},{"dt":1537952400,"main":{"temp":11.09,"temp_min":11.09,"temp_max":11.09,"pressure":973.38,"sea_level":1046.13,"grnd_level":973.38,"humidity":72,"temp_kf":0},"weather":[{"id":800,"main":"Clear","description":"clear sky","icon":"01d"}],"clouds":{"all":0},"wind":{"speed":1.66,"deg":100.501},"rain":{},"sys":{"pod":"d"},"dt_txt":"2018-09-26 09:00:00"}],"city":{"id":2867714,"name":"Munich","coord":{"lat":48.1371,"lon":11.5754},"country":"DE","population":1260391}}
